Frequency,Coupling,Directivity,Isolation,InsertionLoss
0.00000000,13.78532980,0.00404675,13.78937655,13.78199658
0.00500000,13.78431265,0.00412583,13.78843848,13.78086367
0.01000000,13.78126756,0.00436445,13.78563201,13.77747315
0.01500000,13.77620975,0.00475918,13.78096893,13.77184270
0.02000000,13.76916637,0.00530687,13.77447324,13.76400309
0.02500000,13.76017706,0.00600341,13.76618047,13.75399932
0.03000000,13.74928989,0.00684129,13.75613118,13.74188651
0.03500000,13.73655995,0.00781723,13.74437718,13.72772710
0.04000000,13.72205597,0.00892214,13.73097811,13.71160182
0.04500000,13.70585314,0.01014574,13.71599888,13.69359288
0.05000000,13.68803404,0.01148029,13.69951433,13.67379675
0.05500000,13.66868836,0.01291705,13.68160541,13.65231562
0.06000000,13.64791442,0.01444194,13.66235636,13.62925682
0.06500000,13.62581017,0.01604758,13.64185775,13.60473563
0.07000000,13.60248410,0.01772026,13.62020436,13.57887166
0.07500000,13.57804321,0.01945070,13.59749390,13.55178603
0.08000000,13.55259894,0.02122839,13.57382733,13.52360535
0.08500000,13.52626645,0.02303828,13.54930473,13.49445280
0.09000000,13.49915642,0.02487358,13.52403000,13.46445773
0.09500000,13.47138361,0.02672049,13.49810410,13.43374324
0.10000000,13.44305886,0.02857067,13.47162953,13.40243343
0.10500000,13.41429094,0.03041501,13.44470595,13.37064849
0.11000000,13.38518792,0.03224145,13.41742937,13.33850711
0.11500000,13.35585231,0.03404444,13.38989675,13.30611996
0.12000000,13.32638070,0.03581561,13.36219632,13.27359469
0.12500000,13.29686883,0.03754778,13.33441661,13.24103187
0.13000000,13.26740214,0.03923259,13.30663474,13.20852644
0.13500001,13.23806202,0.04086662,13.27892864,13.17616740
0.14000000,13.20892497,0.04244461,13.25136958,13.14403217
0.14500000,13.18005738,0.04396083,13.22401821,13.11219460
0.15000001,13.15151959,0.04541302,13.19693261,13.08071879
0.15500000,13.12336598,0.04679713,13.17016311,13.04966005
0.16000000,13.09564001,0.04811429,13.14375430,13.01906748
0.16500001,13.06838025,0.04935923,13.11773949,12.98897679
0.17000000,13.04161848,0.05053157,13.09215005,12.95942327
0.17500000,13.01537493,0.05163310,13.06700803,12.93042699
0.18000001,12.98966729,0.05266131,13.04232860,12.90200465
0.18500000,12.96450281,0.05361803,13.01812083,12.87416330
0.19000000,12.93988276,0.05450340,12.99438617,12.84690348
0.19499999,12.91580281,0.05531967,12.97112248,12.82021924
0.20000000,12.89225258,0.05606723,12.94831981,12.79409819
0.20500000,12.86921556,0.05674715,12.92596271,12.76852169
0.20999999,12.84666983,0.05736236,12.90403219,12.74346695
0.21500000,12.82459038,0.05791384,12.88250423,12.71890592
0.22000000,12.80294685,0.05840619,12.86135304,12.69480755
0.22499999,12.78170656,0.05883714,12.84054370,12.67113601
0.23000000,12.76083357,0.05921121,12.82004478,12.64785513
0.23500000,12.74029047,0.05952902,12.79981949,12.62492406
0.23999999,12.72003733,0.05979380,12.77983113,12.60230223
0.24500000,12.70003591,0.06000431,12.76004022,12.57994921
0.25000000,12.68024196,0.06016362,12.74040558,12.55782261
0.25500000,12.66061701,0.06027258,12.72088959,12.53588202
0.25999999,12.64112273,0.06033170,12.70145443,12.51408838
0.26499999,12.62172065,0.06034147,12.68206213,12.49240230
0.27000001,12.60237432,0.06030016,12.66267448,12.47078947
0.27500001,12.58304689,0.06021315,12.64326004,12.44921384
0.28000000,12.56371154,0.06007215,12.62378370,12.42764915
0.28500000,12.54433638,0.05988243,12.60421880,12.40606412
0.28999999,12.52489799,0.05964032,12.58453831,12.38443822
0.29499999,12.50537344,0.05934523,12.56471867,12.36274951
0.30000001,12.48574514,0.05899640,12.54474154,12.34098351
0.30500001,12.46599909,0.05859009,12.52458918,12.31912699
0.31000000,12.44612288,0.05812636,12.50424924,12.29717360
0.31500000,12.42611279,0.05760079,12.48371358,12.27511763
0.31999999,12.40596294,0.05701278,12.46297572,12.25296040
0.32499999,12.38567554,0.05635870,12.44203424,12.23070344
0.33000001,12.36525417,0.05563825,12.42089242,12.20835666
0.33500001,12.34470679,0.05484574,12.39955253,12.18592833
0.34000000,12.32404384,0.05398031,12.37802416,12.16343218
0.34500000,12.30327829,0.05303979,12.35631808,12.14088483
0.34999999,12.28242785,0.05202011,12.33444796,12.11830532
0.35499999,12.26150941,0.05091934,12.31242875,12.09571493
0.36000001,12.24054242,0.04973702,12.29027944,12.07313339
0.36500001,12.21954962,0.04846870,12.26801833,12.05058547
0.37000000,12.19855071,0.04711536,12.24566607,12.02809536
0.37500000,12.17757250,0.04566968,12.22324218,12.00568829
0.38000000,12.15663586,0.04413671,12.20077257,11.98338799
0.38499999,12.13576649,0.04250831,12.17827480,11.96122004
0.38999999,12.11498599,0.04079063,12.15577661,11.93920582
0.39500001,12.09431701,0.03897594,12.13329295,11.91737081
0.40000001,12.07378058,0.03706898,12.11084955,11.89573636
0.40500000,12.05339656,0.03506637,12.08846294,11.87431902
0.41000000,12.03318436,0.03296950,12.06615385,11.85313993
0.41499999,12.01316027,0.03077583,12.04393610,11.83221382
0.41999999,11.99333624,0.02848858,12.02182482,11.81155229
0.42500001,11.97372714,0.02610825,11.99983539,11.79116794
0.43000001,11.95434076,0.02363497,11.97797573,11.77106998
0.43500000,11.93518647,0.02106576,11.95625223,11.75126289
0.44000000,11.91626735,0.01840837,11.93467572,11.73174932
0.44499999,11.89758723,0.01565837,11.91324560,11.71253196
0.44999999,11.87914554,0.01281891,11.89196445,11.69360764
0.45500001,11.86093924,0.00989336,11.87083260,11.67497299
0.46000001,11.84296509,0.00687914,11.84984423,11.65662270
0.46500000,11.82521511,0.00378060,11.82899571,11.63854640
0.47000000,11.80768226,0.00059697,11.80827923,11.62073440
0.47499999,11.79035528,-0.00266953,11.78768576,11.60317509
0.47999999,11.77322092,-0.00601697,11.76720395,11.58585512
0.48500001,11.75626889,-0.00944589,11.74682300,11.56876002
0.49000001,11.73948351,-0.01295459,11.72652892,11.55187453
0.49500000,11.72284789,-0.01654024,11.70630765,11.53518135
0.50000000,11.70634938,-0.02020508,11.68614430,11.51866725
0.50500000,11.68997162,-0.02394814,11.66602347,11.50231169
0.50999999,11.67369828,-0.02776802,11.64593027,11.48610306
0.51499999,11.65751554,-0.03166547,11.62585007,11.47002311
0.51999998,11.64140690,-0.03563873,11.60576817,11.45405954
0.52499998,11.62535677,-0.03968840,11.58566838,11.43819536
0.52999997,11.60935682,-0.04381715,11.56553967,11.42242184
0.53500003,11.59339112,-0.04802233,11.54536879,11.40672411
0.54000002,11.57745092,-0.05230638,11.52514455,11.39109438
0.54500002,11.56152957,-0.05667233,11.50485723,11.37552757
0.55000001,11.54561573,-0.06111625,11.48449948,11.36001500
0.55500001,11.52970814,-0.06564392,11.46406422,11.34455515
0.56000000,11.51380210,-0.07025343,11.44354866,11.32914346
0.56500000,11.49789603,-0.07494871,11.42294731,11.31378223
0.56999999,11.48199042,-0.07972967,11.40226075,11.29847264
0.57499999,11.46608837,-0.08459930,11.38148907,11.28322116
0.57999998,11.45019257,-0.08955696,11.36063561,11.26803039
0.58499998,11.43431166,-0.09460583,11.33970583,11.25291084
0.58999997,11.41845319,-0.09974858,11.31870461,11.23787243
0.59500003,11.40262657,-0.10498649,11.29764008,11.22292397
0.60000002,11.38684032,-0.11031968,11.27652064,11.20807945
0.60500002,11.37110960,-0.11574997,11.25535964,11.19335313
0.61000001,11.35544627,-0.12128064,11.23416563,11.17875875
0.61500001,11.33986383,-0.12691153,11.21295230,11.16431062
0.62000000,11.32437939,-0.13264492,11.19173447,11.15002523
0.62500000,11.30900717,-0.13848227,11.17052491,11.13591911
0.63000000,11.29376166,-0.14442177,11.14933989,11.12200721
0.63499999,11.27866017,-0.15046811,11.12819206,11.10830541
0.63999999,11.26371647,-0.15661950,11.10709697,11.09483070
0.64499998,11.24894613,-0.16287666,11.08606947,11.08159692
0.64999998,11.23436530,-0.16924171,11.06512359,11.06861892
0.65499997,11.21998557,-0.17571252,11.04427306,11.05590916
0.66000003,11.20581855,-0.18229081,11.02352774,11.04347740
0.66500002,11.19187899,-0.18897516,11.00290383,11.03133872
0.67000002,11.17817555,-0.19576721,10.98240835,11.01949963
0.67500001,11.16471673,-0.20266493,10.96205181,11.00796811
0.68000001,11.15151051,-0.20966833,10.94184218,10.99674969
0.68500000,11.13856397,-0.21677582,10.92178815,10.98584983
0.69000000,11.12587906,-0.22398800,10.90189107,10.97527062
0.69499999,11.11346107,-0.23130225,10.88215882,10.96501376
0.69999999,11.10130901,-0.23871922,10.86258979,10.95507757
0.70499998,11.08942346,-0.24623662,10.84318684,10.94546141
0.70999998,11.07780318,-0.25385425,10.82394893,10.93616158
0.71499997,11.06644587,-0.26157114,10.80487473,10.92717139
0.72000003,11.05534524,-0.26938685,10.78595839,10.91848657
0.72500002,11.04449703,-0.27729871,10.76719832,10.91009820
0.73000002,11.03389183,-0.28530488,10.74858695,10.90199927
0.73500001,11.02352515,-0.29340695,10.73011820,10.89418031
0.74000001,11.01338650,-0.30160314,10.71178336,10.88662902
0.74500000,11.00346581,-0.30989066,10.69357515,10.87933827
0.75000000,10.99375631,-0.31827289,10.67548342,10.87229534
0.75500000,10.98424503,-0.32674462,10.65750041,10.86549052
0.75999999,10.97492351,-0.33530794,10.63961557,10.85891094
0.76499999,10.96578187,-0.34396298,10.62181889,10.85254724
0.76999998,10.95681007,-0.35270933,10.60410074,10.84638951
0.77499998,10.94799813,-0.36154447,10.58645366,10.84042702
0.77999997,10.93933622,-0.37047065,10.56886557,10.83465145
0.78500003,10.93081759,-0.37948837,10.55132922,10.82905492
0.79000002,10.92243334,-0.38859743,10.53383591,10.82362821
0.79500002,10.91417852,-0.39779844,10.51638008,10.81836720
0.80000001,10.90604414,-0.40708969,10.49895445,10.81326670
0.80500001,10.89802914,-0.41647545,10.48155369,10.80832113
0.81000000,10.89012806,-0.42595453,10.46417353,10.80352881
0.81500000,10.88233928,-0.43552919,10.44681009,10.79888796
0.81999999,10.87466299,-0.44520143,10.42946156,10.79440026
0.82499999,10.86709500,-0.45496941,10.41212559,10.79006242
0.82999998,10.85963899,-0.46483571,10.39480328,10.78588149
0.83499998,10.85229788,-0.47480266,10.37749522,10.78185877
0.83999997,10.84507337,-0.48486915,10.36020422,10.77799646
0.84500003,10.83797037,-0.49503852,10.34293185,10.77430257
0.85000002,10.83099424,-0.50531320,10.32568104,10.77078167
0.85500002,10.82415044,-0.51569116,10.30845928,10.76744278
0.86000001,10.81744521,-0.52617492,10.29127028,10.76429155
0.86500001,10.81088721,-0.53676717,10.27412004,10.76133645
0.87000000,10.80448444,-0.54746881,10.25701563,10.75858487
0.87500000,10.79824126,-0.55827814,10.23996312,10.75604485
0.88000000,10.79217073,-0.56919973,10.22297101,10.75372866
0.88499999,10.78627660,-0.58023204,10.20604456,10.75163991
0.88999999,10.78057022,-0.59137700,10.18919322,10.74978749
0.89499998,10.77505853,-0.60263640,10.17242213,10.74818084
0.89999998,10.76974733,-0.61400738,10.15573995,10.74682500
0.90499997,10.76464566,-0.62549305,10.13915261,10.74572777
0.91000003,10.75976068,-0.63709395,10.12266672,10.74489240
0.91500002,10.75509476,-0.64880882,10.10628594,10.74432585
0.92000002,10.75065532,-0.66063880,10.09001652,10.74403085
0.92500001,10.74644695,-0.67258284,10.07386411,10.74400980
0.93000001,10.74247099,-0.68464220,10.05782879,10.74426402
0.93500000,10.73873046,-0.69681627,10.04191419,10.74479372
0.94000000,10.73522565,-0.70910315,10.02612250,10.74559782
0.94499999,10.73195739,-0.72150130,10.01045609,10.74667573
0.94999999,10.72892612,-0.73401577,9.99491035,10.74802284
0.95499998,10.72612643,-0.74663956,9.97948687,10.74963632
0.95999998,10.72355919,-0.75937685,9.96418234,10.75150853
0.96499997,10.72121830,-0.77222432,9.94899399,10.75363762
0.97000003,10.71910000,-0.78518344,9.93391657,10.75601118
0.97500002,10.71719596,-0.79824831,9.91894765,10.75862501
0.98000002,10.71550315,-0.81142401,9.90407914,10.76146801
0.98500001,10.71401392,-0.82470887,9.88930505,10.76453218
0.99000001,10.71272050,-0.83810190,9.87461860,10.76780726
0.99500000,10.71161211,-0.85159809,9.86001402,10.77128195
1.00000000,10.71068151,-0.86520058,9.84548094,10.77494669
1.00500000,10.70992471,-0.87891244,9.83101226,10.77879011
1.00999999,10.70932662,-0.89272734,9.81659928,10.78280225
1.01499999,10.70888051,-0.90664771,9.80223280,10.78697266
1.01999998,10.70857854,-0.92067311,9.78790543,10.79129208
1.02499998,10.70841214,-0.93480213,9.77361000,10.79574684
1.02999997,10.70837088,-0.94903645,9.75933442,10.80033045
1.03499997,10.70844927,-0.96337706,9.74507221,10.80503077
1.03999996,10.70863822,-0.97782169,9.73081653,10.80984157
1.04499996,10.70893029,-0.99237034,9.71655995,10.81475606
1.04999995,10.70932062,-1.00702654,9.70229408,10.81976258
1.05499995,10.70980241,-1.02178823,9.68801418,10.82486033
1.05999994,10.71037152,-1.03665704,9.67371449,10.83004118
1.06500006,10.71102388,-1.05163588,9.65938800,10.83529957
1.07000005,10.71175555,-1.06672330,9.64503225,10.84063250
1.07500005,10.71256236,-1.08191833,9.63064404,10.84603903
1.08000004,10.71344700,-1.09722663,9.61622037,10.85151169
1.08500004,10.71440235,-1.11264583,9.60175652,10.85705528
1.09000003,10.71543263,-1.12817973,9.58725290,10.86266611
1.09500003,10.71653584,-1.14382793,9.57270791,10.86834555
1.10000002,10.71771524,-1.15959174,9.55812350,10.87409445
1.10500002,10.71896917,-1.17547233,9.54349684,10.87991169
1.11000001,10.72030388,-1.19147345,9.52883043,10.88579936
1.11500001,10.72171842,-1.20759408,9.51412433,10.89176322
1.12000000,10.72321614,-1.22383327,9.49938287,10.89780178
1.12500000,10.72480484,-1.24019866,9.48460617,10.90392111
1.13000000,10.72648501,-1.25668913,9.46979589,10.91011914
1.13499999,10.72825849,-1.27330259,9.45495589,10.91640315
1.13999999,10.73013189,-1.29004262,9.44008927,10.92277107
1.14499998,10.73210663,-1.30690979,9.42519684,10.92922802
1.14999998,10.73419312,-1.32390921,9.41028391,10.93577226
1.15499997,10.73638363,-1.34103243,9.39535121,10.94241148
1.15999997,10.73868839,-1.35828773,9.38040066,10.94914365
1.16499996,10.74111451,-1.37567949,9.36543502,10.95596503
1.16999996,10.74365508,-1.39319691,9.35045817,10.96287915
1.17499995,10.74631733,-1.41084929,9.33546804,10.96988497
1.17999995,10.74910377,-1.42863664,9.32046714,10.97697852
1.18499994,10.75201348,-1.44655465,9.30545883,10.98415761
1.19000006,10.75504683,-1.46460900,9.29043783,10.99142074
1.19500005,10.75820292,-1.48279548,9.27540743,10.99876070
1.20000005,10.76148166,-1.50111669,9.26036497,11.00617599
1.20500004,10.76488358,-1.51957318,9.24531041,11.01365579
1.21000004,10.76840416,-1.53816383,9.23024033,11.02119886
1.21500003,10.77204155,-1.55688959,9.21515196,11.02879214
1.22000003,10.77579564,-1.57575148,9.20004416,11.03643072
1.22500002,10.77965714,-1.59474738,9.18490976,11.04410648
1.23000002,10.78362525,-1.61387770,9.16974755,11.05180842
1.23500001,10.78769460,-1.63314323,9.15455137,11.05952561
1.24000001,10.79185845,-1.65254103,9.13931741,11.06725024
1.24500000,10.79611656,-1.67207728,9.12403928,11.07496947
1.25000000,10.80045802,-1.69174735,9.10871067,11.08267242
1.25500000,10.80487757,-1.71154977,9.09332780,11.09034961
1.25999999,10.80937211,-1.73148963,9.07788248,11.09798788
1.26499999,10.81393559,-1.75156549,9.06237010,11.10557725
1.26999998,10.81855827,-1.77177554,9.04678273,11.11310528
1.27499998,10.82323832,-1.79212088,9.03111744,11.12056007
1.27999997,10.82796592,-1.81260251,9.01536341,11.12793525
1.28499997,10.83274101,-1.83322324,8.99951777,11.13521707
1.28999996,10.83755366,-1.85397963,8.98357403,11.14239532
1.29499996,10.84239884,-1.87487118,8.96752765,11.14946006
1.29999995,10.84727477,-1.89590348,8.95137129,11.15640162
1.30499995,10.85217733,-1.91707689,8.93510044,11.16321428
1.30999994,10.85710297,-1.93839120,8.91871177,11.16988526
1.31500006,10.86204556,-1.95984569,8.90219987,11.17641214
1.32000005,10.86700478,-1.98144461,8.88556016,11.18278672
1.32500005,10.87198066,-2.00318867,8.86879199,11.18899861
1.33000004,10.87696905,-2.02507760,8.85189146,11.19504697
1.33500004,10.88196828,-2.04711219,8.83485609,11.20092753
1.34000003,10.88698434,-2.06930101,8.81768332,11.20662955
1.34500003,10.89201054,-2.09163803,8.80037250,11.21215459
1.35000002,10.89705183,-2.11412883,8.78292300,11.21749662
1.35500002,10.90210908,-2.13677417,8.76533491,11.22265154
1.36000001,10.90718413,-2.15957606,8.74760807,11.22761957
1.36500001,10.91227787,-2.18253557,8.72974230,11.23239665
1.37000000,10.91739437,-2.20565473,8.71173964,11.23698169
1.37500000,10.92253952,-2.22893973,8.69359978,11.24137198
1.38000000,10.92771461,-2.25238977,8.67532484,11.24556224
1.38499999,10.93292145,-2.27600431,8.65691714,11.24955616
1.38999999,10.93817010,-2.29979340,8.63837670,11.25334853
1.39499998,10.94345835,-2.32374904,8.61970930,11.25693775
1.39999998,10.94879271,-2.34787885,8.60091386,11.26032262
1.40499997,10.95417769,-2.37218369,8.58199400,11.26349754
1.40999997,10.95962017,-2.39667071,8.56294946,11.26646372
1.41499996,10.96512267,-2.42133405,8.54378862,11.26921341
1.41999996,10.97068955,-2.44618124,8.52450831,11.27174454
1.42499995,10.97632330,-2.47121124,8.50511206,11.27405287
1.42999995,10.98203287,-2.49643028,8.48560259,11.27613146
1.43499994,10.98781640,-2.52183568,8.46598072,11.27797780
1.44000006,10.99367823,-2.54743051,8.44624771,11.27958214
1.44500005,10.99962428,-2.57322006,8.42640422,11.28094173
1.45000005,11.00565582,-2.59920274,8.40645308,11.28204385
1.45500004,11.01177550,-2.62537901,8.38639650,11.28288421
1.46000004,11.01798638,-2.65175777,8.36622862,11.28345221
1.46500003,11.02429013,-2.67833426,8.34595587,11.28373892
1.47000003,11.03068478,-2.70511229,8.32557250,11.28373456
1.47500002,11.03717606,-2.73209225,8.30508381,11.28342528
1.48000002,11.04376434,-2.75928043,8.28448392,11.28280595
1.48500001,11.05044991,-2.78667577,8.26377414,11.28185818
1.49000001,11.05723210,-2.81427888,8.24295323,11.28057604
1.49500000,11.06411213,-2.84209156,8.22202058,11.27894443
1.50000000,11.07109141,-2.87012097,8.20097044,11.27695057
1.50500000,11.07816760,-2.89836592,8.17980168,11.27458460
1.50999999,11.08534072,-2.92682346,8.15851725,11.27182964
1.51499999,11.09261246,-2.95550497,8.13710750,11.26867440
1.51999998,11.09998031,-2.98440369,8.11557662,11.26510881
1.52499998,11.10744712,-3.01352799,8.09391914,11.26111772
1.52999997,11.11501021,-3.04287789,8.07213232,11.25669048
1.53499997,11.12267391,-3.07246086,8.05021305,11.25181176
1.53999996,11.13043224,-3.10226724,8.02816500,11.24647405
1.54499996,11.13829012,-3.13231176,8.00597836,11.24066381
1.54999995,11.14624884,-3.16259210,7.98365674,11.23436990
1.55499995,11.15430786,-3.19311230,7.96119556,11.22758366
1.55999994,11.16246995,-3.22387539,7.93859456,11.22029367
1.56500006,11.17073714,-3.25488379,7.91585335,11.21249241
1.57000005,11.17911178,-3.28614371,7.89296807,11.20417019
1.57500005,11.18759732,-3.31765447,7.86994285,11.19531969
1.58000004,11.19619624,-3.34942262,7.84677362,11.18593407
1.58500004,11.20491398,-3.38144930,7.82346468,11.17600580
1.59000003,11.21375366,-3.41374140,7.80001227,11.16553005
1.59500003,11.22272220,-3.44630239,7.77641981,11.15449970
1.60000002,11.23182348,-3.47913525,7.75268823,11.14291120
1.60500002,11.24106704,-3.51225032,7.72881672,11.13076200
1.61000001,11.25045265,-3.54563983,7.70481282,11.11804520
1.61500001,11.25999591,-3.57931916,7.68067675,11.10476241
1.62000000,11.26969386,-3.61328597,7.65640789,11.09090739
1.62500000,11.27956908,-3.64755605,7.63201303,11.07647858
1.63000000,11.28961775,-3.68212425,7.60749350,11.06147394
1.63499999,11.29985817,-3.71700098,7.58285719,11.04589431
1.63999999,11.31029266,-3.75218873,7.55810393,11.02973508
1.64499998,11.32093618,-3.78769738,7.53323880,11.01299758
1.64999998,11.33179304,-3.82352693,7.50826611,10.99568080
1.65499997,11.34288149,-3.85968977,7.48319172,10.97778286
1.65999997,11.35420636,-3.89618602,7.45802034,10.95930134
1.66499996,11.36578105,-3.93302715,7.43275391,10.94024044
1.66999996,11.37761699,-3.97021292,7.40740408,10.92059579
1.67499995,11.38972670,-4.00776044,7.38196626,10.90036798
1.67999995,11.40211936,-4.04566583,7.35645353,10.87955337
1.68499994,11.41480678,-4.08393906,7.33086772,10.85815413
1.69000006,11.42780210,-4.12259080,7.30521130,10.83616806
1.69500005,11.44111663,-4.16162253,7.27949410,10.81358999
1.70000005,11.45476491,-4.20104682,7.25371809,10.79042629
1.70500004,11.46875138,-4.24086452,7.22788686,10.76666944
1.71000004,11.48309479,-4.28108670,7.20200809,10.74231883
1.71500003,11.49780488,-4.32172123,7.17608364,10.71737242
1.72000003,11.51289401,-4.36277769,7.15011632,10.69183055
1.72500002,11.52837822,-4.40426279,7.12411543,10.66568859
1.73000002,11.54425887,-4.44617908,7.09807979,10.63894646
1.73500001,11.56055590,-4.48854127,7.07201463,10.61160284
1.74000001,11.57727969,-4.53135547,7.04592423,10.58365418
1.74500000,11.59444307,-4.57463166,7.01981141,10.55510013
1.75000000,11.61205460,-4.61837470,6.99367990,10.52594171
1.75500000,11.63013150,-4.66260066,6.96753084,10.49617454
1.75999999,11.64868119,-4.70730793,6.94137325,10.46580073
1.76499999,11.66771719,-4.75251337,6.91520382,10.43482007
1.76999998,11.68725753,-4.79822910,6.88902843,10.40323293
1.77499998,11.70730705,-4.84445865,6.86284839,10.37104093
1.77999997,11.72788192,-4.89121357,6.83666835,10.33824334
1.78499997,11.74899705,-4.93850820,6.81048885,10.30484752
1.78999996,11.77066435,-4.98634613,6.78431822,10.27085444
1.79499996,11.79289711,-5.03474413,6.75815298,10.23626595
1.79999995,11.81570982,-5.08371176,6.73199806,10.20109171
1.80499995,11.83911953,-5.13326066,6.70585887,10.16533255
1.80999994,11.86313825,-5.18340048,6.67973777,10.12900150
1.81500006,11.88778312,-5.23414526,6.65363787,10.09210117
1.82000005,11.91306757,-5.28550444,6.62756313,10.05463979
1.82500005,11.93901277,-5.33749646,6.60151631,10.01663001
1.83000004,11.96563237,-5.39012903,6.57550334,9.97808243
1.83500004,11.99294812,-5.44342177,6.54952634,9.93900458
1.84000003,12.02097497,-5.49738095,6.52359402,9.89941402
1.84500003,12.04973317,-5.55202670,6.49770647,9.85931737
1.85000002,12.07924051,-5.60737146,6.47186905,9.81873565
1.85500002,12.10952101,-5.66343147,6.44608954,9.77767745
1.86000001,12.14059412,-5.72022084,6.42037327,9.73616324
1.86500001,12.17248155,-5.77775685,6.39472470,9.69420491
1.87000000,12.20520579,-5.83605680,6.36914899,9.65182225
1.87500000,12.23879064,-5.89513462,6.34365603,9.60903033
1.88000000,12.27326010,-5.95501248,6.31824762,9.56584806
1.88499999,12.30864150,-6.01570932,6.29293218,9.52229515
1.88999999,12.34495092,-6.07723366,6.26771726,9.47838722
1.89499998,12.38222719,-6.13961723,6.24260996,9.43414376
1.89999998,12.42048551,-6.20287021,6.21761530,9.38958793
1.90499997,12.45976289,-6.26702259,6.19274030,9.34473499
1.90999997,12.50008412,-6.33208946,6.16799466,9.29960611
1.91499996,12.54147953,-6.39809615,6.14338339,9.25421964
1.91999996,12.58397143,-6.46505781,6.11891362,9.20859627
1.92499995,12.62760050,-6.53300554,6.09459496,9.16275589
1.92999995,12.67239132,-6.60196026,6.07043106,9.11671619
1.93499994,12.71837542,-6.67194318,6.04643224,9.07049662
1.94000006,12.76558951,-6.74298696,6.02260256,9.02411892
1.94500005,12.81406348,-6.81511270,5.99895078,8.97760279
1.95000005,12.86383098,-6.88834815,5.97548283,8.93096277
1.95500004,12.91492514,-6.96272006,5.95220509,8.88422245
1.96000004,12.96738397,-7.03825883,5.92912514,8.83739733
1.96500003,13.02124163,-7.11499258,5.90624905,8.79050339
1.97000003,13.07653587,-7.19295674,5.88357913,8.74356611
1.97500002,13.13329491,-7.27216918,5.86112573,8.69659674
1.98000002,13.19156932,-7.35267701,5.83889231,8.64961758
1.98500001,13.25138803,-7.43450673,5.81688130,8.60264174
1.99000001,13.31279191,-7.51769117,5.79510074,8.55569077
1.99500000,13.37582218,-7.60226631,5.77355586,8.50877970
2.00000000,13.44051619,-7.68826581,5.75225037,8.46192525
2.00500011,13.50691863,-7.77573240,5.73118622,8.41514515
2.00999999,13.57506945,-7.86469937,5.71037008,8.36845758
2.01500010,13.64501166,-7.95521188,5.68979978,8.32187680
2.01999998,13.71678943,-8.04730581,5.66948361,8.27542209
2.02500010,13.79044746,-8.14102273,5.64942473,8.22910869
2.02999997,13.86602944,-8.23640776,5.62962168,8.18295528
2.03500009,13.94357665,-8.33349536,5.61008129,8.13697711
2.03999996,14.02315129,-8.43235047,5.59080082,8.09119101
2.04500008,14.10478784,-8.53300007,5.57178777,8.04561454
2.04999995,14.18854029,-8.63550139,5.55303889,8.00026685
2.05500007,14.27445945,-8.73990053,5.53455892,7.95516080
2.05999994,14.36260047,-8.84625390,5.51634657,7.91031641
2.06500006,14.45301294,-8.95460972,5.49840322,7.86575071
2.06999993,14.54575298,-9.06502070,5.48073228,7.82148037
2.07500005,14.64087407,-9.17754220,5.46333187,7.77752220
2.07999992,14.73843656,-9.29223302,5.44620354,7.73389733
2.08500004,14.83850044,-9.40915185,5.42934859,7.69061780
2.08999991,14.94112052,-9.52835332,5.41276720,7.64770436
2.09500003,15.04636218,-9.64990564,5.39645654,7.60517474
2.09999990,15.15429364,-9.77387350,5.38042014,7.56304693
2.10500002,15.26497582,-9.90031699,5.36465883,7.52133633
2.10999990,15.37847797,-10.02930779,5.34917018,7.48005842
2.11500001,15.49486346,-10.16090644,5.33395702,7.43923406
2.11999989,15.61421971,-10.29520561,5.31901410,7.39887972
2.12500000,15.73660295,-10.43225575,5.30434720,7.35900960
2.13000011,15.86209630,-10.57214491,5.28995139,7.31964014
2.13499999,15.99077320,-10.71494186,5.27583134,7.28078801
2.14000010,16.12271593,-10.86073350,5.26198243,7.24247127
2.14499998,16.25800773,-11.00960187,5.24840586,7.20470199
2.15000010,16.39672814,-11.16162553,5.23510261,7.16749789
2.15499997,16.53896229,-11.31689300,5.22206929,7.13086953
2.16000009,16.68480293,-11.47549524,5.20930770,7.09483311
2.16499996,16.83432270,-11.63750586,5.19681684,7.05940248
2.17000008,16.98763713,-11.80304267,5.18459446,7.02458917
2.17499995,17.14481133,-11.97216883,5.17264250,6.99040413
2.18000007,17.30595541,-12.14499676,5.16095865,6.95686300
2.18499994,17.47115389,-12.32161292,5.14954097,6.92397369
2.19000006,17.64049835,-12.50210795,5.13839040,6.89174665
2.19499993,17.81408437,-12.68658032,5.12750406,6.86019349
2.20000005,17.99199035,-12.87510725,5.11688311,6.82932256
2.20499992,18.17431893,-13.06779596,5.10652297,6.79913984
2.21000004,18.36113968,-13.26471416,5.09642552,6.76965863
2.21499991,18.55253640,-13.46594934,5.08658706,6.74087965
2.22000003,18.74856778,-13.67156087,5.07700691,6.71281549
2.22499990,18.94930165,-13.88161966,5.06768199,6.68546780
2.23000002,19.15478518,-14.09617141,5.05861377,6.65884371
2.23499990,19.36503085,-14.31523587,5.04979498,6.63294877
2.24000001,19.58007028,-14.53884202,5.04122826,6.60778700
2.24499989,19.79986283,-14.76695269,5.03291014,6.58336029
2.25000000,20.02436972,-14.99953202,5.02483770,6.55967462
2.25500011,20.25350842,-15.23650115,5.01700727,6.53673098
2.25999999,20.48713233,-15.47771441,5.00941792,6.51453399
2.26500010,20.72505168,-15.72298310,5.00206858,6.49308567
2.26999998,20.96700947,-15.97205649,4.99495297,6.47238540
2.27500010,21.21265046,-16.22457889,4.98807157,6.45243453
2.27999997,21.46154218,-16.48012241,4.98141977,6.43323589
2.28500009,21.71312427,-16.73812760,4.97499667,6.41478875
2.28999996,21.96669416,-16.99789584,4.96879831,6.39709527
2.29500008,22.22140203,-17.25857926,4.96282277,6.38015500
2.29999995,22.47622955,-17.51916436,4.95706519,6.36396737
2.30500007,22.72992278,-17.77839565,4.95152713,6.34852963
2.30999994,22.98102697,-18.03482416,4.94620280,6.33384639
2.31500006,23.22784065,-18.28675163,4.94108901,6.31991318
2.31999993,23.46838321,-18.53219726,4.93618595,6.30672941
2.32500005,23.70042992,-18.76894126,4.93148866,6.29429845
2.32999992,23.92149244,-18.99449648,4.92699596,6.28261134
2.33500004,24.12886197,-19.20615453,4.92270744,6.27167271
2.33999991,24.31964243,-19.40102257,4.91861986,6.26147912
2.34500003,24.49086968,-19.57613974,4.91472994,6.25203039
2.34999990,24.63955926,-19.72852024,4.91103901,6.24332040
2.35500002,24.76288843,-19.85534512,4.90754331,6.23534959
2.35999990,24.85830946,-19.95406722,4.90424224,6.22811712
2.36500001,24.92372897,-20.02259288,4.90113609,6.22161961
2.36999989,24.95760510,-20.05938434,4.89822076,6.21585345
2.37500000,24.95909175,-20.06359313,4.89549861,6.21081565
2.38000011,24.92811132,-20.03514439,4.89296692,6.20650234
2.38499999,24.86528616,-19.97465853,4.89062763,6.20291106
2.39000010,24.77199975,-19.88352109,4.88847866,6.20003907
2.39499998,24.65019386,-19.76367122,4.88652264,6.19788060
2.40000010,24.50233600,-19.61757972,4.88475629,6.19643105
2.40499997,24.33119941,-19.44801634,4.88318306,6.19568701
2.41000009,24.13970351,-19.25790013,4.88180338,6.19564111
2.41499996,23.93084485,-19.05022932,4.88061553,6.19629062
2.42000008,23.70757820,-18.82795583,4.87962237,6.19762718
2.42499995,23.47261746,-18.59379204,4.87882542,6.19964610
2.43000007,23.22853980,-18.35031590,4.87822390,6.20233961
2.43499994,22.97763183,-18.09981034,4.87782148,6.20570183
2.44000006,22.72192796,-17.84431059,4.87761737,6.20972457
2.44499993,22.46322162,-17.58560709,4.87761453,6.21439858
2.45000005,22.20301995,-17.32520429,4.87781566,6.21971755
2.45499992,21.94262603,-17.06440736,4.87821867,6.22566967
2.46000004,21.68310205,-16.80427678,4.87882527,6.23224830
2.46499991,21.42535471,-16.54571292,4.87964179,6.23944400
2.47000003,21.17011193,-16.28944549,4.88066644,6.24724340
2.47499990,20.91796391,-16.03606340,4.88190051,6.25563832
2.48000002,20.66937791,-15.78603335,4.88334456,6.26461727
2.48499990,20.42470637,-15.53970316,4.88500321,6.27417121
2.49000001,20.18424796,-15.29737329,4.88687467,6.28428365
2.49499989,19.94819858,-15.05923882,4.88895976,6.29494636
2.50000000,19.71669287,-14.82542973,4.89126314,6.30614428
2.50500011,19.48984082,-14.59605745,4.89378336,6.31786643
2.50999999,19.26768640,-14.37116471,4.89652168,6.33009720
2.51500010,19.05025852,-14.15078084,4.89947768,6.34282658
2.51999998,18.83753517,-13.93488091,4.90265426,6.35603849
2.52500010,18.62950539,-13.72345437,4.90605102,6.36971884
2.52999997,18.42611881,-13.51645283,4.90966598,6.38385494
2.53500009,18.22729572,-13.31379478,4.91350094,6.39843199
2.53999996,18.03298451,-13.11542735,4.91755716,6.41343292
2.54500008,17.84310070,-12.92126804,4.92183266,6.42884586
2.54999995,17.65755417,-12.73122628,4.92632789,6.44465545
2.55500007,17.47625701,-12.54521559,4.93104142,6.46084532
2.55999994,17.29911823,-12.36314520,4.93597303,6.47740084
2.56500006,17.12604310,-12.18492091,4.94112219,6.49430851
2.56999993,16.95692353,-12.01043574,4.94648779,6.51155045
2.57500005,16.79168573,-11.83961689,4.95206884,6.52911035
2.57999992,16.63021072,-11.67234782,4.95786290,6.54697661
2.58500004,16.47241985,-11.50854986,4.96386999,6.56513222
2.58999991,16.31820787,-11.34812068,4.97008718,6.58356217
2.59500003,16.16748735,-11.19097362,4.97651374,6.60224909
2.59999990,16.02017401,-11.03702524,4.98314877,6.62117935
2.60500002,15.87617262,-10.88618414,4.98998848,6.64033542
2.60999990,15.73539848,-10.73836757,4.99703091,6.65970546
2.61500001,15.59776619,-10.59349117,5.00427502,6.67927222
2.61999989,15.46320150,-10.45148312,5.01171838,6.69902104
2.62500000,15.33161795,-10.31226006,5.01935789,6.71893701
2.63000011,15.20293695,-10.17574530,5.02719165,6.73900398
2.63499999,15.07709027,-10.04187177,5.03521851,6.75920791
2.64000010,14.95400194,-9.91056905,5.04343289,6.77953358
2.64499998,14.83359802,-9.78176243,5.05183558,6.79996680
2.65000010,14.71581558,-9.65539444,5.06042114,6.82049339
2.65499997,14.60058488,-9.53139671,5.06918817,6.84109809
2.66000009,14.48783965,-9.40970503,5.07813462,6.86176636
2.66499996,14.37752234,-9.29026607,5.08725627,6.88248430
2.67000008,14.26956710,-9.17301618,5.09655092,6.90323854
2.67499995,14.16391499,-9.05790005,5.10601494,6.92401372
2.68000007,14.06050851,-8.94486170,5.11564680,6.94479849
2.68499994,13.95929379,-8.83385209,5.12544170,6.96557543
2.69000006,13.86021254,-8.72481566,5.13539688,6.98633419
2.69499993,13.76321230,-8.61770062,5.14551168,7.00706033
2.70000005,13.66824215,-8.51246275,5.15577940,7.02774145
2.70499992,13.57525066,-8.40905173,5.16619893,7.04836198
2.71000004,13.48419007,-8.30742243,5.17676764,7.06891174
2.71499991,13.39500943,-8.20752797,5.18748147,7.08937781
2.72000003,13.30766222,-8.10932784,5.19833439,7.10974571
2.72499990,13.22210169,-8.01277294,5.20932875,7.13000452
2.73000002,13.13828302,-7.91782719,5.22045583,7.15014378
2.73499990,13.05616481,-7.82444920,5.23171562,7.17014932
2.74000001,12.97570140,-7.73259736,5.24310404,7.19000851
2.74499989,12.89685183,-7.64223635,5.25461548,7.20971499
2.75000000,12.81957679,-7.55332730,5.26624949,7.22925081
2.75500011,12.74383009,-7.46582908,5.27800101,7.24860876
2.75999999,12.66957899,-7.37971348,5.28986551,7.26778022
2.76500010,12.59678051,-7.29493985,5.30184066,7.28675016
2.76999998,12.52540211,-7.21147880,5.31392330,7.30550952
2.77500010,12.45540309,-7.12929505,5.32610804,7.32405102
2.77999997,12.38674720,-7.04835468,5.33839252,7.34236241
2.78500009,12.31940338,-6.96863155,5.35077183,7.36043591
2.78999996,12.25333389,-6.89009045,5.36324344,7.37826195
2.79500008,12.18850776,-6.81270479,5.37580297,7.39583223
2.79999995,12.12489101,-6.73644323,5.38844778,7.41313696
2.80500007,12.06245225,-6.66128108,5.40117117,7.43016874
2.80999994,12.00116151,-6.58718992,5.41397159,7.44692198
2.81500006,11.94098861,-6.51414245,5.42684616,7.46338567
2.81999993,11.88190328,-6.44211655,5.43978674,7.47955642
2.82500005,11.82387692,-6.37108162,5.45279531,7.49542454
2.82999992,11.76688212,-6.30101878,5.46586334,7.51098617
2.83500004,11.71089397,-6.23190437,5.47898960,7.52623343
2.83999991,11.65588254,-6.16371303,5.49216951,7.54116203
2.84500003,11.60182717,-6.09642800,5.50539917,7.55576742
2.84999990,11.54869926,-6.03002377,5.51867549,7.57004258
2.85500002,11.49647490,-5.96447986,5.53199505,7.58398400
2.85999990,11.44513278,-5.89978013,5.54535265,7.59758854
2.86500001,11.39465032,-5.83590600,5.55874433,7.61085201
2.86999989,11.34500553,-5.77283665,5.57216887,7.62376998
2.87500000,11.29617638,-5.71055449,5.58562188,7.63634140
2.88000011,11.24814435,-5.64904386,5.59910050,7.64856246
2.88499999,11.20088813,-5.58828779,5.61260034,7.66043157
2.89000010,11.15438851,-5.52827038,5.62611813,7.67194689
2.89499998,11.10862774,-5.46897722,5.63965052,7.68310619
2.90000010,11.06358664,-5.41039301,5.65319363,7.69390842
2.90499997,11.01925090,-5.35250320,5.66674771,7.70435399
2.91000009,10.97560064,-5.29529457,5.68030607,7.71444134
2.91499996,10.93262174,-5.23875280,5.69386894,7.72416992
2.92000008,10.89029812,-5.18286920,5.70742892,7.73354393
2.92499995,10.84861440,-5.12762602,5.72098838,7.74255846
2.93000007,10.80755666,-5.07301460,5.73454207,7.75121557
2.93499994,10.76710874,-5.01902184,5.74808690,7.75951772
2.94000006,10.72726030,-4.96563828,5.76162202,7.76746621
2.94499993,10.68799522,-4.91285083,5.77514439,7.77506317
2.95000005,10.64930202,-4.86065012,5.78865190,7.78231006
2.95499992,10.61116732,-4.80902668,5.80214064,7.78920523
2.96000004,10.57357950,-4.75796938,5.81561013,7.79575648
2.96499991,10.53652792,-4.70746790,5.82906003,7.80196346
2.97000003,10.49999896,-4.65751382,5.84248514,7.80783161
2.97499990,10.46398437,-4.60809951,5.85588486,7.81336122
2.98000002,10.42846974,-4.55921223,5.86925751,7.81855436
2.98499990,10.39344685,-4.51084579,5.88260106,7.82341787
2.99000001,10.35890539,-4.46299136,5.89591403,7.82795220
2.99499989,10.32483456,-4.41563987,5.90919469,7.83216497
3.00000000,10.29122563,-4.36878320,5.92244243,7.83605448
3.00500011,10.25806760,-4.32241178,5.93565582,7.83962922
3.00999999,10.22535191,-4.27651943,5.94883247,7.84288963
3.01500010,10.19306709,-4.23109763,5.96196946,7.84584132
3.01999998,10.16120843,-4.18613955,5.97506888,7.84848920
3.02500010,10.12976209,-4.14163334,5.98812874,7.85083556
3.02999997,10.09872307,-4.09757563,6.00114744,7.85288563
3.03500009,10.06808083,-4.05395754,6.01412329,7.85464393
3.03999996,10.03782614,-4.01077047,6.02705567,7.85611614
3.04500008,10.00795189,-3.96800861,6.03994329,7.85730199
3.04999995,9.97845008,-3.92566346,6.05278662,7.85820869
3.05500007,9.94931099,-3.88372750,6.06558349,7.85884377
3.05999994,9.92052769,-3.84219383,6.07833386,7.85920569
3.06500006,9.89209266,-3.80105648,6.09103617,7.85930181
3.06999993,9.86399646,-3.76030660,6.10368986,7.85913790
3.07500005,9.83623289,-3.71993971,6.11629318,7.85871709
3.07999992,9.80879361,-3.67994549,6.12884813,7.85804358
3.08500004,9.78166989,-3.64031979,6.14135010,7.85711882
3.08999991,9.75485622,-3.60105410,6.15380213,7.85595214
3.09500003,9.72834477,-3.56214293,6.16620184,7.85454583
3.09999990,9.70212748,-3.52357639,6.17855109,7.85290426
3.10500002,9.67620034,-3.48535353,6.19084681,7.85103199
3.10999990,9.65055179,-3.44746322,6.20308858,7.84893262
3.11500001,9.62517784,-3.40990082,6.21527702,7.84661090
3.11999989,9.60007220,-3.37266162,6.22741058,7.84407264
3.12500000,9.57522872,-3.33573883,6.23948988,7.84131957
3.13000011,9.55063940,-3.29912315,6.25151625,7.83835780
3.13499999,9.52629963,-3.26281349,6.26348614,7.83519095
3.14000010,9.50220340,-3.22680356,6.27539984,7.83182227
3.14499998,9.47834408,-3.19108583,6.28725825,7.82825876
3.15000010,9.45471797,-3.15565487,6.29906310,7.82450427
3.15499997,9.43131942,-3.12050812,6.31081131,7.82055992
3.16000009,9.40814242,-3.08563778,6.32250464,7.81643311
3.16499996,9.38518298,-3.05104261,6.33414037,7.81212957
3.17000008,9.36243734,-3.01671523,6.34572212,7.80764978
3.17499995,9.33989966,-2.98265206,6.35724761,7.80300198
3.18000007,9.31756767,-2.94885064,6.36871703,7.79818894
3.18499994,9.29543720,-2.91530636,6.38013084,7.79321529
3.19000006,9.27350481,-2.88201411,6.39149070,7.78808681
3.19499993,9.25176632,-2.84897240,6.40279392,7.78280617
3.20000005,9.23022003,-2.81617706,6.41404297,7.77737871
3.20499992,9.20886336,-2.78362709,6.42523627,7.77181350
3.21000004,9.18769468,-2.75131855,6.43637613,7.76610888
3.21499991,9.16670782,-2.71924763,6.44746019,7.76027310
3.22000003,9.14590494,-2.68741451,6.45849043,7.75431010
3.22499990,9.12528297,-2.65581500,6.46946797,7.74822715
3.23000002,9.10484194,-2.62445159,6.48039036,7.74202593
3.23499990,9.08457744,-2.59331745,6.49126000,7.73571557
3.24000001,9.06448962,-2.56241292,6.50207670,7.72929675
3.24499989,9.04457931,-2.53173818,6.51284114,7.72277818
3.25000000,9.02484384,-2.50129066,6.52355318,7.71616307
3.25500011,9.00528192,-2.47106946,6.53421246,7.70945708
3.25999999,8.98589569,-2.44107639,6.54481930,7.70266448
3.26500010,8.96668183,-2.41130588,6.55537595,7.69579126
3.26999998,8.94764159,-2.38176134,6.56588025,7.68884202
3.27500010,8.92877219,-2.35243828,6.57633391,7.68182099
3.27999997,8.91007595,-2.32333894,6.58673701,7.67473477
3.28500009,8.89155296,-2.29446289,6.59709007,7.66758691
3.28999996,8.87319927,-2.26580639,6.60739287,7.66038416
3.29500008,8.85501797,-2.23737116,6.61764680,7.65312855
3.29999995,8.83700649,-2.20915567,6.62785083,7.64582476
3.30500007,8.81916362,-2.18115770,6.63800592,7.63847788
3.30999994,8.80149264,-2.15338003,6.64811261,7.63109240
3.31500006,8.78398800,-2.12581693,6.65817107,7.62367254
3.31999993,8.76665071,-2.09846895,6.66818176,7.61622290
3.32500005,8.74947989,-2.07133566,6.67814423,7.60874341
3.32999992,8.73247403,-2.04441334,6.68806069,7.60124311
3.33500004,8.71563070,-2.01770234,6.69792836,7.59372129
3.33999991,8.69894852,-1.99119552,6.70775299,7.58618207
3.34500003,8.68242829,-1.96489735,6.71753094,7.57863193
3.34999990,8.66606576,-1.93879964,6.72726612,7.57106903
3.35500002,8.64985964,-1.91290508,6.73695455,7.56349674
3.35999990,8.63380565,-1.88720573,6.74659992,7.55592103
3.36500001,8.61790448,-1.86170100,6.75620349,7.54834020
3.36999989,8.60215053,-1.83638754,6.76576299,7.54075921
3.37500000,8.58654315,-1.81126018,6.77528297,7.53317779
3.38000011,8.57107779,-1.78631629,6.78476150,7.52559743
3.38499999,8.55575442,-1.76155156,6.79420286,7.51802510
3.39000010,8.54056605,-1.73696450,6.80360155,7.51045494
3.39499998,8.52551370,-1.71254747,6.81296623,7.50289454
3.40000010,8.51059378,-1.68830022,6.82229355,7.49534262
3.40499997,8.49579896,-1.66421346,6.83158551,7.48779969
3.41000009,8.48113013,-1.64028849,6.84084164,7.48026834
3.41499996,8.46658355,-1.61651909,6.85006446,7.47274854
3.42000008,8.45215654,-1.59290072,6.85925582,7.46524258
3.42499995,8.43784687,-1.56943092,6.86841595,7.45775330
3.43000007,8.42364889,-1.54610437,6.87754453,7.45027737
3.43499994,8.40956248,-1.52291834,6.88664414,7.44281843
3.44000006,8.39558515,-1.49986953,6.89571561,7.43537782
3.44499993,8.38171457,-1.47695647,6.90475811,7.42795577
3.45000005,8.36795046,-1.45417261,6.91377785,7.42055715
3.45499992,8.35428882,-1.43151938,6.92276944,7.41317987
3.46000004,8.34073013,-1.40899159,6.93173854,7.40582678
3.46499991,8.32727302,-1.38659136,6.94068166,7.39850095
3.47000003,8.31391453,-1.36431286,6.94960167,7.39120036
3.47499990,8.30065702,-1.34215779,6.95849923,7.38393097
3.48000002,8.28750141,-1.32012580,6.96737561,7.37669294
3.48499990,8.27444470,-1.29821485,6.97622985,7.36948924
3.49000001,8.26148851,-1.27642631,6.98506219,7.36232236
3.49499989,8.24863385,-1.25476147,6.99387239,7.35519321
3.50000000,8.23588253,-1.23322057,7.00266195,7.34810672
3.50500011,8.22323403,-1.21180445,7.01142958,7.34106480
3.50999999,8.21069174,-1.19051708,7.02017466,7.33406977
3.51500010,8.19825714,-1.16935596,7.02890117,7.32712749
3.51999998,8.18593244,-1.14833025,7.03760219,7.32023623
3.52500010,8.17371795,-1.12743610,7.04628185,7.31340165
3.52999997,8.16161761,-1.10667972,7.05493788,7.30662724
3.53500009,8.14963265,-1.08606153,7.06357112,7.29991697
3.53999996,8.13776620,-1.06558861,7.07217759,7.29327087
3.54500008,8.12602059,-1.04525851,7.08076209,7.28669452
3.54999995,8.11439773,-1.02507857,7.08931916,7.28019211
3.55500007,8.10289906,-1.00505137,7.09784769,7.27376278
3.55999994,8.09152960,-0.98517804,7.10635156,7.26741209
3.56500006,8.08028693,-0.96546198,7.11482495,7.26114150
3.56999993,8.06917682,-0.94590683,7.12326998,7.25495433
3.57500005,8.05820025,-0.92651577,7.13168448,7.24885230
3.57999992,8.04735463,-0.90728547,7.14006917,7.24283859
3.58500004,8.03664467,-0.88822345,7.14842121,7.23691209
3.58999991,8.02607067,-0.86932752,7.15674314,7.23107915
3.59500003,8.01562992,-0.85059897,7.16503095,7.22533647
3.59999990,8.00532603,-0.83203845,7.17328757,7.21968928
3.60500002,7.99515643,-0.81364514,7.18151129,7.21413414
3.60999990,7.98512090,-0.79541908,7.18970183,7.20867448
3.61500001,7.97521629,-0.77735865,7.19785764,7.20330924
3.61999989,7.96544419,-0.75946119,7.20598300,7.19803913
3.62500000,7.95579888,-0.74172304,7.21407584,7.19286372
3.63000011,7.94627961,-0.72414416,7.22213545,7.18778087
3.63499999,7.93688396,-0.70671898,7.23016499,7.18279028
3.64000010,7.92760684,-0.68944173,7.23816511,7.17789083
3.64499998,7.91844775,-0.67231272,7.24613504,7.17308287
3.65000010,7.90939710,-0.65531996,7.25407713,7.16836051
3.65499997,7.90045547,-0.63846405,7.26199142,7.16372498
3.66000009,7.89161887,-0.62173842,7.26988044,7.15917367
3.66499996,7.88287998,-0.60513356,7.27774641,7.15470522
3.67000008,7.87423514,-0.58864654,7.28558860,7.15031498
3.67499995,7.86568046,-0.57226873,7.29341174,7.14600423
3.68000007,7.85720988,-0.55599743,7.30121246,7.14176610
3.68499994,7.84881962,-0.53982104,7.30899858,7.13760216
3.69000006,7.84050465,-0.52373722,7.31676744,7.13350789
3.69499993,7.83226176,-0.50774092,7.32452084,7.12948230
3.70000005,7.82408419,-0.49182232,7.33226187,7.12552263
3.70499992,7.81597135,-0.47598044,7.33999092,7.12162753
3.71000004,7.80791702,-0.46020868,7.34770834,7.11779479
3.71499991,7.79992079,-0.44450268,7.35541811,7.11402440
3.72000003,7.79197606,-0.42885697,7.36311909,7.11031291
3.72499990,7.78408320,-0.41327182,7.37081137,7.10666192
3.73000002,7.77624060,-0.39774463,7.37849597,7.10306760
3.73499990,7.76844560,-0.38227146,7.38617414,7.09953389
3.74000001,7.76069774,-0.36685460,7.39384314,7.09605747
3.74499989,7.75299931,-0.35149247,7.40150684,7.09264007
3.75000000,7.74534488,-0.33618391,7.40916097,7.08928198
3.75500011,7.73774067,-0.32093515,7.41680552,7.08598423
3.75999999,7.73018569,-0.30574471,7.42444098,7.08274928
3.76500010,7.72268384,-0.29061873,7.43206511,7.07957810
3.76999998,7.71523456,-0.27555971,7.43967485,7.07647250
3.77500010,7.70784207,-0.26057389,7.44726818,7.07343529
3.77999997,7.70051043,-0.24566496,7.45484547,7.07046796
3.78500009,7.69324256,-0.23084106,7.46240150,7.06757382
3.78999996,7.68604209,-0.21610681,7.46993528,7.06475579
3.79500008,7.67891421,-0.20147169,7.47744253,7.06201809
3.79999995,7.67186204,-0.18694044,7.48492160,7.05936101
3.80500007,7.66489149,-0.17252337,7.49236812,7.05679050
3.80999994,7.65800558,-0.15822601,7.49977957,7.05430620
3.81500006,7.65121134,-0.14405808,7.50715326,7.05191620
3.81999993,7.64450837,-0.13002459,7.51448378,7.04961746
3.82500005,7.63790598,-0.11613650,7.52176948,7.04741712
3.82999992,7.63140515,-0.10239687,7.52900828,7.04531517
3.83500004,7.62501017,-0.08881277,7.53619740,7.04331465
3.83999991,7.61872515,-0.07539377,7.54333138,7.04141880
3.84500003,7.61255217,-0.06214252,7.55040965,7.03962710
3.84999990,7.60649249,-0.04906331,7.55742918,7.03794118
3.85500002,7.60054728,-0.03615902,7.56438826,7.03636249
3.85999990,7.59472020,-0.02343442,7.57128578,7.03489067
3.86500001,7.58900979,-0.01089050,7.57811930,7.03352599
3.86999989,7.58341541,0.00147248,7.58488789,7.03226658
3.87500000,7.57793428,0.01365903,7.59159331,7.03111125
3.88000011,7.57256778,0.02566601,7.59823379,7.03006040
3.88499999,7.56731387,0.03749493,7.60480880,7.02911214
3.89000010,7.56216322,0.04915778,7.61132100,7.02825933
3.89499998,7.55711730,0.06065212,7.61776942,7.02750195
3.90000010,7.55216926,0.07198811,7.62415737,7.02683568
3.90499997,7.54731329,0.08317429,7.63048758,7.02625660
3.91000009,7.54254287,0.09421699,7.63675986,7.02576076
3.91499996,7.53785119,0.10512672,7.64297791,7.02534185
3.92000008,7.53323398,0.11591322,7.64914720,7.02499610
3.92499995,7.52867932,0.12658917,7.65526849,7.02471721
3.93000007,7.52418366,0.13716040,7.66134407,7.02450114
3.93499994,7.51973290,0.14764560,7.66737851,7.02433977
3.94000006,7.51532650,0.15805032,7.67337682,7.02423048
3.94499993,7.51094833,0.16839350,7.67934183,7.02416552
3.95000005,7.50659775,0.17868108,7.68527883,7.02414195
3.95499992,7.50226260,0.18892345,7.69118605,7.02415207
3.96000004,7.49793519,0.19913717,7.69707236,7.02419044
3.96499991,7.49361002,0.20932954,7.70293956,7.02425496
3.97000003,7.48927880,0.21951126,7.70879006,7.02434047
3.97499990,7.48493512,0.22968963,7.71462475,7.02444225
3.98000002,7.48057615,0.23987330,7.72044945,7.02455716
3.98499990,7.47619613,0.25006690,7.72626304,7.02468463
3.99000001,7.47178950,0.26027731,7.73206682,7.02482020
3.99499989,7.46735674,0.27050513,7.73786187,7.02496221
4.00000000,7.46289489,0.28075388,7.74364877,7.02511260
4.00500011,7.45840216,0.29102449,7.74942665,7.02526808
4.01000023,7.45387924,0.30131242,7.75519167,7.02543088
4.01499987,7.44932799,0.31161827,7.76094626,7.02560182
4.01999998,7.44474907,0.32193584,7.76668491,7.02578366
4.02500010,7.44014957,0.33225714,7.77240671,7.02597706
4.03000021,7.43553001,0.34257445,7.77810446,7.02618804
4.03499985,7.43089749,0.35288192,7.78377941,7.02641762
4.03999996,7.42625895,0.36316288,7.78942183,7.02667092
4.04500008,7.42161874,0.37340982,7.79502856,7.02695391
4.05000019,7.41698627,0.38360802,7.80059429,7.02726878
4.05499983,7.41236983,0.39374204,7.80611186,7.02762364
4.05999994,7.40777947,0.40379808,7.81157755,7.02802220
4.06500006,7.40321905,0.41376244,7.81698149,7.02847100
4.07000017,7.39870427,0.42361407,7.82231835,7.02897550
4.07499981,7.39424107,0.43334132,7.82758240,7.02954103
4.07999992,7.38983851,0.44292776,7.83276627,7.03017383
4.08500004,7.38550603,0.45235887,7.83786490,7.03087956
4.09000015,7.38125510,0.46161463,7.84286973,7.03166209
4.09499979,7.37708854,0.47068704,7.84777558,7.03252496
4.09999990,7.37301895,0.47956176,7.85258071,7.03347273
4.10500002,7.36905062,0.48822503,7.85727565,7.03451128
4.11000013,7.36518921,0.49666923,7.86185844,7.03563854
4.11499977,7.36144234,0.50488315,7.86632549,7.03686065
4.11999989,7.35780830,0.51286808,7.87067638,7.03817476
4.12500000,7.35429531,0.52060729,7.87490260,7.03958251
4.13000011,7.35090156,0.52810848,7.87901004,7.04108397
4.13500023,7.34762638,0.53536844,7.88299482,7.04267790
4.13999987,7.34447121,0.54238825,7.88685947,7.04435917
4.14499998,7.34143002,0.54917394,7.89060396,7.04612353
4.15000010,7.33850038,0.55573141,7.89423179,7.04796943
4.15500021,7.33567529,0.56207263,7.89774792,7.04989090
4.15999985,7.33294628,0.56820983,7.90115611,7.05187895
4.16499996,7.33030767,0.57415261,7.90446028,7.05392719
4.17000008,7.32774782,0.57992079,7.90766861,7.05602796
4.17500019,7.32525646,0.58552949,7.91078595,7.05817468
4.17999983,7.32282183,0.59099900,7.91382083,7.06035433
4.18499994,7.32042767,0.59635320,7.91678087,7.06255942
4.19000006,7.31806509,0.60161029,7.91967538,7.06478073
4.19500017,7.31571989,0.60679233,7.92251221,7.06700608
4.19999981,7.31337380,0.61192650,7.92530031,7.06922696
4.20499992,7.31101444,0.61703136,7.92804580,7.07143241
4.21000004,7.30862645,0.62213574,7.93076219,7.07361206
4.21500015,7.30619778,0.62725742,7.93345521,7.07575774
4.21999979,7.30371190,0.63242064,7.93613254,7.07785991
4.22499990,7.30115852,0.63764256,7.93880108,7.07991021
4.23000002,7.29852375,0.64294497,7.94146873,7.08189979
4.23500013,7.29579352,0.64834834,7.94414185,7.08382347
4.23999977,7.29296341,0.65386187,7.94682529,7.08567605
4.24499989,7.29002143,0.65950380,7.94952522,7.08745103
4.25000000,7.28696386,0.66527860,7.95224246,7.08914693
4.25500011,7.28378228,0.67119630,7.95497858,7.09076014
4.26000023,7.28047554,0.67725923,7.95773477,7.09229095
4.26499987,7.27704247,0.68347029,7.96051277,7.09373933
4.26999998,7.27348174,0.68982620,7.96330795,7.09510572
4.27500010,7.26979891,0.69631824,7.96611715,7.09639701
4.28000021,7.26600101,0.70293696,7.96893797,7.09761288
4.28499985,7.26208880,0.70967662,7.97176542,7.09876423
4.28999996,7.25807526,0.71651367,7.97458893,7.09985462
4.29500008,7.25397226,0.72343199,7.97740426,7.10089261
4.30000019,7.24978844,0.73041341,7.98020185,7.10188960
4.30499983,7.24554294,0.73742802,7.98297096,7.10285560
4.30999994,7.24125076,0.74444848,7.98569925,7.10379841
4.31500006,7.23692642,0.75145035,7.98837677,7.10473230
4.32000017,7.23258870,0.75840545,7.99099416,7.10566782
4.32499981,7.22825944,0.76527384,7.99353329,7.10661836
4.32999992,7.22395570,0.77202916,7.99598485,7.10759636
4.33500004,7.21969800,0.77863832,7.99833632,7.10861608
4.34000015,7.21550858,0.78506713,8.00057571,7.10968256
4.34499979,7.21140196,0.79128471,8.00268667,7.11081309
4.34999990,7.20740312,0.79725946,8.00466259,7.11201941
4.35500002,7.20352683,0.80296214,8.00648897,7.11330855
4.36000013,7.19979242,0.80836961,8.00816203,7.11468914
4.36499977,7.19621512,0.81344784,8.00966296,7.11617051
4.36999989,7.19280788,0.81818753,8.01099541,7.11775720
4.37500000,7.18958165,0.82256307,8.01214472,7.11945629
4.38000011,7.18654815,0.82656129,8.01310943,7.12126806
4.38500023,7.18371410,0.83017387,8.01388798,7.12319601
4.38999987,7.18108502,0.83339417,8.01447919,7.12523989
4.39499998,7.17866403,0.83622058,8.01488461,7.12739302
4.40000010,7.17644795,0.83865583,8.01510378,7.12965614
4.40500021,7.17443169,0.84071512,8.01514681,7.13201577
4.40999985,7.17261520,0.84240093,8.01501613,7.13446897
4.41499996,7.17098023,0.84374322,8.01472345,7.13700777
4.42000008,7.16951891,0.84475843,8.01427734,7.13961253
4.42500019,7.16821522,0.84547929,8.01369451,7.14227388
4.42999983,7.16704948,0.84593587,8.01298535,7.14497232
4.43499994,7.16600425,0.84615829,8.01216255,7.14769862
4.44000006,7.16505252,0.84619689,8.01124942,7.15042662
4.44500017,7.16417298,0.84608516,8.01025814,7.15314452
4.44999981,7.16333518,0.84587657,8.00921175,7.15582867
4.45499992,7.16251478,0.84561038,8.00812516,7.15845751
4.46000004,7.16168160,0.84533621,8.00701781,7.16101609
4.46500015,7.16080592,0.84510635,8.00591227,7.16347999
4.46999979,7.15986050,0.84496204,8.00482253,7.16583143
4.47499990,7.15881399,0.84496008,8.00377407,7.16805130
4.48000002,7.15763778,0.84514093,8.00277872,7.17012424
4.48500013,7.15630558,0.84554802,8.00185359,7.17203398
4.48999977,7.15479524,0.84621868,8.00101392,7.17376270
4.49499989,7.15308020,0.84719171,8.00027191,7.17530119
4.50000000,7.15114395,0.84849940,7.99964335,7.17663638
4.50500011,7.14896452,0.85016818,7.99913269,7.17776336
4.51000023,7.14653114,0.85221610,7.99874724,7.17867641
4.51499987,7.14383323,0.85466046,7.99849370,7.17936955
4.51999998,7.14086506,0.85750731,7.99837237,7.17984905
4.52500010,7.13762430,0.86075876,7.99838306,7.18011400
4.53000021,7.13411222,0.86441239,7.99852460,7.18016762
4.53499985,7.13033631,0.86845139,7.99878770,7.18002635
4.53999996,7.12631130,0.87285115,7.99916245,7.17969686
4.54500008,7.12204767,0.87759292,7.99964058,7.17919841
4.55000019,7.11757143,0.88263396,8.00020539,7.17854140
4.55499983,7.11290305,0.88793902,8.00084207,7.17775210
4.55999994,7.10807437,0.89345243,8.00152680,7.17685182
4.56500006,7.10311626,0.89912938,8.00224564,7.17586212
4.57000017,7.09806592,0.90490098,8.00296690,7.17481225
4.57499981,7.09296223,0.91070849,8.00367072,7.17372802
4.57999992,7.08784918,0.91648159,8.00433077,7.17263843
4.58500004,7.08276369,0.92215721,8.00492090,7.17157156
4.59000015,7.07775841,0.92764994,8.00540835,7.17055704
4.59499979,7.07287580,0.93289416,8.00576996,7.16962709
4.59999990,7.06816457,0.93781137,8.00597594,7.16880506
4.60500002,7.06366914,0.94232920,8.00599833,7.16811947
4.61000013,7.05943438,0.94638112,8.00581550,7.16760038
4.61499977,7.05550856,0.94988831,8.00539687,7.16726781
4.61999989,7.05192490,0.95279814,8.00472304,7.16714371
4.62500000,7.04872738,0.95504882,8.00377621,7.16724517
4.63000011,7.04594484,0.95659275,8.00253759,7.16758975
4.63500023,7.04361087,0.95738074,8.00099162,7.16818841
4.63999987,7.04174861,0.95738274,7.99913135,7.16904773
4.64499998,7.04037727,0.95657346,7.99695073,7.17017013
4.65000010,7.03950822,0.95493438,7.99444261,7.17156030
4.65500021,7.03915111,0.95246504,7.99161614,7.17320622
4.65999985,7.03929913,0.94917679,7.98847592,7.17509766
4.66499996,7.03994982,0.94508503,7.98503485,7.17722301
4.67000008,7.04108978,0.94021868,7.98130846,7.17955974
4.67500019,7.04268990,0.93462984,7.97731973,7.18208233
4.67999983,7.04472656,0.92836051,7.97308706,7.18476660
4.68499994,7.04716004,0.92148884,7.96864888,7.18757306
4.69000006,7.04994727,0.91409096,7.96403823,7.19046536
4.69500017,7.05303725,0.90625093,7.95928818,7.19340692
4.69999981,7.05637336,0.89806618,7.95443954,7.19635144
4.70499992,7.05989419,0.88964187,7.94953606,7.19925306
4.71000004,7.06353449,0.88109122,7.94462571,7.20206291
4.71500015,7.06722186,0.87252826,7.93975012,7.20473533
4.71999979,7.07088192,0.86407458,7.93495650,7.20722125
4.72499990,7.07444367,0.85584836,7.93029203,7.20947167
4.73000002,7.07782915,0.84797585,7.92580499,7.21143917
4.73500013,7.08096055,0.84058091,7.92154146,7.21307791
4.73999977,7.08376637,0.83377350,7.91753987,7.21434896
4.74499989,7.08617564,0.82767112,7.91384676,7.21520986
4.75000000,7.08811804,0.82237806,7.91049610,7.21563079
4.75500011,7.08953591,0.81798783,7.90752374,7.21558121
4.76000023,7.09037110,0.81458482,7.90495591,7.21504095
4.76499987,7.09057956,0.81223925,7.90281881,7.21398851
4.76999998,7.09012126,0.81100829,7.90112955,7.21242112
4.77500010,7.08896733,0.81093385,7.89990118,7.21033075
4.78000021,7.08710187,0.81203547,7.89913734,7.20773115
4.78499985,7.08451846,0.81431999,7.89883845,7.20463410
4.78999996,7.08122358,0.81777082,7.89899439,7.20106291
4.79500008,7.07724090,0.82234946,7.89959037,7.19705004
4.80000019,7.07260187,0.82799706,7.90059892,7.19264037
4.80499983,7.06735635,0.83463481,7.90199116,7.18787933
4.80999994,7.06156315,0.84215716,7.90372031,7.18282980
4.81500006,7.05530192,0.85043780,7.90573972,7.17755599
4.82000017,7.04866137,0.85933253,7.90799390,7.17213344
4.82499981,7.04174382,0.86866685,7.91041067,7.16664794
4.82999992,7.03466589,0.87825432,7.91292020,7.16118165
4.83500004,7.02755783,0.88787656,7.91543439,7.15583752
4.84000015,7.02055335,0.89731983,7.91787318,7.15071438
4.84499979,7.01380754,0.90632674,7.92013428,7.14591547
4.84999990,7.00748104,0.91463455,7.92211560,7.14155137
4.85500002,7.00173430,0.92197665,7.92371095,7.13773284
4.86000013,6.99674305,0.92807132,7.92481437,7.13457059
4.86499977,6.99268396,0.93262157,7.92530553,7.13218104
4.86999989,6.98973740,0.93533709,7.92507450,7.13067152
4.87500000,6.98808195,0.93592558,7.92400753,7.13015223
4.88000011,6.98790010,0.93409124,7.92199133,7.13072684
4.88500023,6.98936696,0.92955333,7.91892029,7.13249507
4.88999987,6.99265785,0.92202967,7.91468752,7.13554616
4.89499998,6.99793550,0.91126986,7.90920536,7.13996319
4.90000010,7.00535808,0.89702169,7.90237977,7.14581998
4.90500021,7.01507107,0.87907291,7.89414398,7.15317527
4.90999985,7.02720231,0.85723609,7.88443841,7.16208260
4.91499996,7.04187441,0.83133568,7.87321009,7.17256864
4.92000008,7.05918457,0.80124982,7.86043438,7.18465752
4.92500019,7.07921317,0.76688609,7.84609927,7.19834913
4.92999983,7.10202313,0.72818474,7.83020786,7.21362807
4.93499994,7.12765194,0.68513184,7.81278378,7.23045879
4.94000006,7.15611078,0.63776039,7.79387117,7.24879199
4.94500017,7.18739530,0.58613073,7.77352603,7.26855457
4.94999981,7.22146289,0.53036978,7.75183267,7.28966047
4.95499992,7.25825579,0.47062399,7.72887978,7.31199872
4.96000004,7.29767934,0.40710238,7.70478172,7.33544114
4.96500015,7.33961966,0.34003881,7.67965847,7.35984427
4.96999979,7.38392928,0.26971967,7.65364895,7.38504955
4.97499990,7.43043517,0.19646210,7.62689727,7.41087989
4.98000002,7.47893830,0.12062049,7.59955879,7.43714752
4.98500013,7.52921459,0.04257542,7.57179001,7.46364931
4.98999977,7.58101226,-0.03725536,7.54375689,7.49017519
4.99499989,7.63405441,-0.11843151,7.51562290,7.51650843
5.00000000,7.68804915,-0.20049727,7.48755189,7.54242574
